{"graph_0": {"_type": "graph-file", "path": "media/graph/graph_0_summary_ded2c564.graph.json", "sha256": "ded2c56483a3d3a74461b900d2602b42ac8937556fe93c508ec80d6fd0de9db9", "size": 40941}, "Train Loss": 8.539513344088334, "Train hand Loss": 4.152905095923403, "_runtime": 73.37129426002502, "_timestamp": 1589748193.907917, "Train Top1 Accuracy": 3.5381152629852295, "Train hand Top1 Accuracy": 15.792859077453613, "Train sign Loss": 4.386608302919149, "_step": 0}
